[
  {
    "id": "room-101",
    "title": "Cozy Room near Campus",
    "location": "Wolfville, Linden Ave  • 5 min walk",
    "price": "$650 / month",
    "roommates": "2 roommates • mixed",
    "description": "A bright and cozy room ideal for students. Comes fully furnished with a study desk, closet space, and fast Wi-Fi. The kitchen and laundry are shared with two clean and friendly roommates. Only a short 5-minute walk to Acadia University.",
    "email": "room101-owner@example.com",
    "phone": "+1 902-555-1010",
    "imageUrl": "https://images.unsplash.com/photo-1522708323590-d24dbb6b0267?q=80&w=2070&auto=format&fit=crop&ixlib=rb-4.1.0&ixid=M3wxMjA3fDB8MHxwaG90by1wYWdlfHx8fGVufDB8fHx8fA%3D%3D"
  },
  {
    "id": "room-102",
    "title": "Basement Suite",
    "location": "Kentville, Downtown • 25 min bus",
    "price": "$550 / month",
    "roommates": "1 roommate • female",
    "description": "Private basement suite ideal for someone who likes peace and privacy. Fully furnished with a bed, mini-fridge, and study table. Utilities and Wi-Fi included. Close to grocery stores, bus stops, and cafés.",
    "email": "room102-owner@example.com",
    "phone": "+1 902-555-1020",
    "imageUrl": "https://images.unsplash.com/photo-1615800002234-05c4d488696c?q=80&w=687&auto=format&fit=crop&ixlib=rb-4.1.0&ixid=M3wxMjA3fDB8MHxwaG90by1wYWdlfHx8fGVufDB8fHx8fA%3D%3D"
  },
  {
    "id": "room-103",
    "title": "Large Master Bedroom",
    "location": "Wolfville, Marsh Hawk Dr • 15 min walk",
    "price": "$720 / month",
    "roommates": "3 roommates • male",
    "description": "A spacious master bedroom featuring a private bathroom and large closet. The home is located in a quiet residential area and shared with three respectful male students. Ideal for someone who values space and privacy.",
    "email": "room103-owner@example.com",
    "phone": "+1 902-555-1030",
    "imageUrl": "https://plus.unsplash.com/premium_photo-1676968002767-1f6a09891350?q=80&w=687&auto=format&fit=crop&ixlib=rb-4.1.0&ixid=M3wxMjA3fDB8MHxwaG90by1wYWdlfHx8fGVufDB8fHx8fA%3D%3D"
  },
  {
    "id": "room-104",
    "title": "Bright Studio Apartment",
    "location": "New Minas • 8 min drive",
    "price": "$799 / month",
    "roommates": "Studio • private",
    "description": "A modern, private studio with large windows, excellent natural lighting, and a private washroom. Perfect for someone who prefers full privacy and an independent living space.",
    "email": "room104-owner@example.com",
    "phone": "+1 902-555-1040",
    "imageUrl": "https://images.unsplash.com/photo-1518012312832-96aea3c91144?q=80&w=1974&auto=format&fit=crop&ixlib=rb-4.1.0&ixid=M3wxMjA3fDB8MHxwaG90by1wYWdlfHx8fGVufDB8fHx8fA%3D%3D"
  },
  {
    "id": "room-105",
    "title": "Shared Room in Student House",
    "location": "Kentville, Main Street • 15 min drive",
    "price": "$480 / month",
    "roommates": "4 roommates • mixed",
    "description": "A lively student house with a warm atmosphere. The shared room includes a furnished bed space, high-speed Wi-Fi, and access to a spacious kitchen. The house features a backyard and is well-maintained.",
    "email": "room105-owner@example.com",
    "phone": "+1 902-555-1050",
    "imageUrl": "https://images.unsplash.com/photo-1522771739844-6a9f6d5f14af?q=80&w=2071&auto=format&fit=crop&ixlib=rb-4.1.0&ixid=M3wxMjA3fDB8MHxwaG90by1wYWdlfHx8fGVufDB8fHx8fA%3D%3D"
  },
  {
    "id": "room-106",
    "title": "Furnished Room with Balcony",
    "location": "Wolfville,Highland Ave • 7 min walk",
    "price": "$700 / month",
    "roommates": "1 roommate • male",
    "description": "A cozy and bright room that includes a small balcony overlooking the neighbourhood. Fully furnished with utilities included. Shared with a friendly and tidy male student.",
    "email": "room106-owner@example.com",
    "phone": "+1 902-555-1060",
    "imageUrl": "https://plus.unsplash.com/premium_photo-1664301231899-5a7b1a621238?q=80&w=1074&auto=format&fit=crop&ixlib=rb-4.1.0&ixid=M3wxMjA3fDB8MHxwaG90by1wYWdlfHx8fGVufDB8fHx8fA%3D%3D"
  },
  {
    "id": "room-107",
    "title": "Private Basement Bedroom",
    "location": "Wolfville,Prospect Street • 12 min walk",
    "price": "$620 / month",
    "roommates": "2 roommates • female",
    "description": "A quiet basement bedroom ideal for students who need a peaceful study environment. Includes a private workspace, shared kitchen, and weekly cleaning service.",
    "email": "room107-owner@example.com",
    "phone": "+1 902-555-1070",
    "imageUrl": "https://images.unsplash.com/photo-1505693416388-ac5ce068fe85?auto=format&fit=crop&w=900&q=60"
  },
  {
    "id": "room-108",
    "title": "Modern Loft Room",
    "location": "Wolfville,Summer Street • 4 min walk",
    "price": "$780 / month",
    "roommates": "1 roommate • mixed",
    "description": "A stylish loft-style bedroom featuring high ceilings, open layout, and minimalist decor. Perfect for students who enjoy a modern, bright environment.",
    "email": "room108-owner@example.com",
    "phone": "+1 902-555-1080",
    "imageUrl": "https://images.unsplash.com/photo-1505691938895-1758d7feb511?auto=format&fit=crop&w=900&q=60"
  },
  {
    "id": "room-109",
    "title": "Sunny Room with Ensuite",
    "location": "Wolfville, Gaspereau Ave • 6 min walk",
    "price": "$820 / month",
    "roommates": "Private bathroom • shared house",
    "description": "A premier, sun-filled room featuring a private ensuite bathroom. The room is spacious and located in a welcoming shared house with quiet tenants.",
    "email": "room109-owner@example.com",
    "phone": "+1 902-555-1090",
    "imageUrl": "https://images.unsplash.com/photo-1522708323590-d24dbb6b0267?auto=format&fit=crop&w=900&q=60"
  },
  {
    "id": "room-110",
    "title": "Budget-Friendly Room",
    "location": "Wolfville,Main Street • 12 min walk",
    "price": "$450 / month",
    "roommates": "3 roommates • mixed",
    "description": "A clean and affordable room perfect for first-year students. Includes shared kitchen, laundry, and furnished bed. Quiet environment and close to bus routes.",
    "email": "room110-owner@example.com",
    "phone": "+1 902-555-1100",
    "imageUrl": "https://images.unsplash.com/photo-1614811209380-e8c1103add77?q=80&w=1074&auto=format&fit=crop&ixlib=rb-4.1.0&ixid=M3wxMjA3fDB8MHxwaG90by1wYWdlfHx8fGVufDB8fHx8fA%3D%3D"
  }
]
