[
  {
    "id": 1,
    "name": "Aarav Sharma",
    "age": 24,
    "gender": "male",
    "program": "Computer Science - Graduate",
    "budget": 750,
    "cleanliness": "Very clean",
    "schedule": "Early riser",
    "hobbies": "Gym, gaming, cooking",
    "personality": "Quiet, introverted",
    "lifestyle": "Studious",
    "location": "Wolfville,Main Street",
    "preferredRoommate": "any",
    "email": "aarav.sharma@roomygo.com",
    "phone": "+1 902-555-3001",
    "photo": "https://randomuser.me/api/portraits/men/51.jpg"
  },
  {
    "id": 2,
    "name": "Emily Carter",
    "age": 22,
    "gender": "female",
    "program": "Biology Major - 3rd year",
    "budget": 680,
    "cleanliness": "Moderately clean",
    "schedule": "Night owl",
    "hobbies": "Painting, reading",
    "personality": "Creative, relaxed",
    "lifestyle": "Quiet",
    "location": "Wolfville,Gaspereau Ave",
    "preferredRoommate": "female",
    "email": "emily.carter@roomygo.com",
    "phone": "+1 902-555-3002",
    "photo": "https://randomuser.me/api/portraits/women/45.jpg"
  },
  {
    "id": 3,
    "name": "Liam Anderson",
    "age": 28,
    "gender": "male",
    "program": "MBA Student",
    "budget": 850,
    "cleanliness": "Clean",
    "schedule": "Early riser",
    "hobbies": "Hiking, finance podcasts",
    "personality": "Friendly, organized",
    "lifestyle": "Social",
    "location": "Greenwich",
    "preferredRoommate": "any",
    "email": "liam.anderson@roomygo.com",
    "phone": "+1 902-555-3003",
    "photo": "https://randomuser.me/api/portraits/men/68.jpg"
  },
  {
    "id": 4,
    "name": "Sofia Martinez",
    "age": 20,
    "gender": "female",
    "program": "Psychology - Undergraduate",
    "budget": 600,
    "cleanliness": "Clean",
    "schedule": "Night owl",
    "hobbies": "Music, journaling",
    "personality": "Empathetic, calm",
    "lifestyle": "Balanced",
    "location": "New Minas,Highland Ave",
    "preferredRoommate": "female",
    "email": "sofia.martinez@roomygo.com",
    "phone": "+1 902-555-3004",
    "photo": "https://randomuser.me/api/portraits/women/32.jpg"
  },
  {
    "id": 5,
    "name": "Noah Thompson",
    "age": 30,
    "gender": "male",
    "program": "Data Analyst - Working Professional",
    "budget": 900,
    "cleanliness": "Very clean",
    "schedule": "Early riser",
    "hobbies": "Cycling, cooking, coding",
    "personality": "Organized, focused",
    "lifestyle": "Quiet",
    "location": "New Minas, near Walmart",
    "preferredRoommate": "male",
    "email": "noah.thompson@roomygo.com",
    "phone": "+1 902-555-3005",
    "photo": "https://randomuser.me/api/portraits/men/72.jpg"
  },
  {
    "id": 6,
    "name": "Aisha Khan",
    "age": 26,
    "gender": "female",
    "program": "Nursing",
    "budget": 700,
    "cleanliness": "Very clean",
    "schedule": "Night shifts",
    "hobbies": "Yoga, romantic movies",
    "personality": "Calm, responsible",
    "lifestyle": "Quiet",
    "location": "Wolfville,Sea View Ave",
    "preferredRoommate": "female",
    "email": "aisha.khan@roomygo.com",
    "phone": "+1 902-555-3006",
    "photo": "https://randomuser.me/api/portraits/women/76.jpg"
  },
  {
    "id": 7,
    "name": "Benjamin Lee",
    "age": 21,
    "gender": "male",
    "program": "Engineering",
    "budget": 650,
    "cleanliness": "Clean",
    "schedule": "Night owl",
    "hobbies": "Robotics, anime",
    "personality": "Funny, smart",
    "lifestyle": "Social",
    "location": "Wolfville,Highland Ave",
    "preferredRoommate": "male",
    "email": "benjamin.lee@roomygo.com",
    "phone": "+1 902-555-3007",
    "photo": "https://randomuser.me/api/portraits/men/28.jpg"
  },
  {
    "id": 8,
    "name": "Hina Das",
    "age": 23,
    "gender": "female",
    "program": "Chemistry Major",
    "budget": 580,
    "cleanliness": "Moderately clean",
    "schedule": "Early riser",
    "hobbies": "Studying outdoors, photography",
    "personality": "Soft-spoken",
    "lifestyle": "Studious",
    "location": "Kentville,Main St ",
    "preferredRoommate": "female",
    "email": "hina.das@roomygo.com",
    "phone": "+1 902-555-3008",
    "photo": "https://randomuser.me/api/portraits/women/11.jpg"
  },
  {
    "id": 9,
    "name": "Daniel Roberts",
    "age": 32,
    "gender": "male",
    "program": "Math Professor Assistant",
    "budget": 950,
    "cleanliness": "Very clean",
    "schedule": "Early riser",
    "hobbies": "Chess, coffee roasting",
    "personality": "Logical, quiet",
    "lifestyle": "Balanced",
    "location": "New Minas,Downtown",
    "preferredRoommate": "any",
    "email": "daniel.roberts@roomygo.com",
    "phone": "+1 902-555-3009",
    "photo": "https://randomuser.me/api/portraits/men/17.jpg"
  },
  {
    "id": 10,
    "name": "Maya Singh",
    "age": 19,
    "gender": "female",
    "program": "Business First Year",
    "budget": 620,
    "cleanliness": "Clean",
    "schedule": "Night owl",
    "hobbies": "Shopping, dancing",
    "personality": "Social, bubbly",
    "lifestyle": "Social",
    "location": "Wolfville.Summer St",
    "preferredRoommate": "female",
    "email": "maya.singh@roomygo.com",
    "phone": "+1 902-555-3010",
    "photo": "https://randomuser.me/api/portraits/women/27.jpg"
  },
  {
    "id": 11,
    "name": "Jason Park",
    "age": 34,
    "gender": "male",
    "program": "Software Developer",
    "budget": 1000,
    "cleanliness": "Very clean",
    "schedule": "Early riser",
    "hobbies": "Hiking, coding, tech blogs",
    "personality": "Introvert",
    "lifestyle": "Quiet",
    "location": "Greenwich",
    "preferredRoommate": "any",
    "email": "jason.park@roomygo.com",
    "phone": "+1 902-555-3011",
    "photo": "https://randomuser.me/api/portraits/men/83.jpg"
  },
  {
    "id": 12,
    "name": "Amelia Brown",
    "age": 25,
    "gender": "female",
    "program": "Masters in Education",
    "budget": 720,
    "cleanliness": "Clean",
    "schedule": "Balanced schedule",
    "hobbies": "Teaching, calligraphy",
    "personality": "Patient, friendly",
    "lifestyle": "Balanced",
    "location": "Wolfville,Marsh HAwk Dr",
    "preferredRoommate": "female",
    "email": "amelia.brown@roomygo.com",
    "phone": "+1 902-555-3012",
    "photo": "https://randomuser.me/api/portraits/women/64.jpg"
  },
  {
    "id": 13,
    "name": "Ravi Patel",
    "age": 29,
    "gender": "male",
    "program": "Finance - Working",
    "budget": 850,
    "cleanliness": "Moderately clean",
    "schedule": "Night owl",
    "hobbies": "Cricket, cooking",
    "personality": "Talkative",
    "lifestyle": "Social",
    "location": "Wolfville,Main St",
    "preferredRoommate": "any",
    "email": "ravi.patel@roomygo.com",
    "phone": "+1 902-555-3013",
    "photo": "https://randomuser.me/api/portraits/men/30.jpg"
  },
  {
    "id": 14,
    "name": "Laura King",
    "age": 33,
    "gender": "female",
    "program": "Marketing Specialist",
    "budget": 950,
    "cleanliness": "Very clean",
    "schedule": "Early riser",
    "hobbies": "Fitness, travel",
    "personality": "Organized, ambitious",
    "lifestyle": "Balanced",
    "location": "New Minas",
    "preferredRoommate": "female",
    "email": "laura.king@roomygo.com",
    "phone": "+1 902-555-3014",
    "photo": "https://randomuser.me/api/portraits/women/52.jpg"
  },
  {
    "id": 15,
    "name": "Omar Hussein",
    "age": 27,
    "gender": "male",
    "program": "Agriculture Studies",
    "budget": 700,
    "cleanliness": "Clean",
    "schedule": "Early riser",
    "hobbies": "Gardening, sports",
    "personality": "Calm, respectful",
    "lifestyle": "Quiet",
    "location": "Wolfville,Main Street",
    "preferredRoommate": "any",
    "email": "omar.hussein@roomygo.com",
    "phone": "+1 902-555-3015",
    "photo": "https://randomuser.me/api/portraits/men/44.jpg"
  }
]
