[
  {
    "id": "mate-01",
    "name": "Emily",
    "age": 20,
    "program": "Biology",
    "interests": "Reading, cooking",
    "description": "Clean, peaceful, prefers quiet study environment.",
    "imageUrl": "https://randomuser.me/api/portraits/women/65.jpg"
  },
  {
    "id": "mate-02",
    "name": "Jasmine",
    "age": 21,
    "program": "Computer Science",
    "interests": "Gym, Netflix",
    "description": "Friendly and social.",
    "imageUrl": "https://randomuser.me/api/portraits/women/32.jpg"
  },
  {
    "id": "mate-03",
    "name": "Aiden",
    "age": 22,
    "program": "Engineering",
    "interests": "Gaming, sports",
    "description": "Quiet, prefers structured schedule.",
    "imageUrl": "https://randomuser.me/api/portraits/men/45.jpg"
  },
  {
    "id": "mate-04",
    "name": "Nisha",
    "age": 20,
    "program": "Chemistry",
    "interests": "Painting, yoga",
    "description": "Very neat; studies a lot.",
    "imageUrl": "https://randomuser.me/api/portraits/women/21.jpg"
  },
  {
    "id": "mate-05",
    "name": "Manav",
    "age": 21,
    "program": "Business",
    "interests": "Music, cricket",
    "description": "Chill and easy to live with.",
    "imageUrl": "https://randomuser.me/api/portraits/men/40.jpg"
  },
  {
    "id": "mate-06",
    "name": "Sarah",
    "age": 19,
    "program": "Nursing",
    "interests": "Movies, cafe hopping",
    "description": "Warm and calm personality.",
    "imageUrl": "https://randomuser.me/api/portraits/women/12.jpg"
  },
  {
    "id": "mate-07",
    "name": "Ethan",
    "age": 23,
    "program": "Physics",
    "interests": "Chess, sci-fi",
    "description": "Respectful and quiet.",
    "imageUrl": "https://randomuser.me/api/portraits/men/55.jpg"
  },
  {
    "id": "mate-08",
    "name": "Olivia",
    "age": 20,
    "program": "Education",
    "interests": "Art, teaching",
    "description": "Loves decorating rooms.",
    "imageUrl": "https://randomuser.me/api/portraits/women/18.jpg"
  },
  {
    "id": "mate-09",
    "name": "Arjun",
    "age": 23,
    "program": "Data Analytics",
    "interests": "Coding, gym",
    "description": "Very organized and focused.",
    "imageUrl": "https://randomuser.me/api/portraits/men/23.jpg"
  },
  {
    "id": "mate-10",
    "name": "Priya",
    "age": 20,
    "program": "English",
    "interests": "Books, writing",
    "description": "Calm and kind personality.",
    "imageUrl": "https://randomuser.me/api/portraits/women/14.jpg"
  }
]
