[
  {
    "id": "room-101",
    "title": "Cozy Room near Campus",
    "location": "Wolfville • 5 min walk",
    "price": "$650 / month",
    "roommates": "2 roommates • mixed",
    "description": "Sunny room with shared kitchen and in-unit laundry.",
    "imageUrl": "https://images.unsplash.com/photo-1560448075-bb4e00f7c749"
  },
  {
    "id": "room-102",
    "title": "Basement Suite",
    "location": "Downtown • 10 min bus",
    "price": "$550 / month",
    "roommates": "1 roommate • female",
    "description": "Quiet, furnished room, all utilities included.",
    "imageUrl": "https://images.unsplash.com/photo-1600585154340-be6161a56a0c"
  },
  {
    "id": "room-103",
    "title": "Large Master Bedroom",
    "location": "Residential area • 15 min walk",
    "price": "$720 / month",
    "roommates": "3 roommates • male",
    "description": "Big closet, private bathroom, close to grocery store.",
    "imageUrl": "https://images.unsplash.com/photo-1616599182474-f8b3217c42f1"
  },
  {
    "id": "room-104",
    "title": "Bright Studio Apartment",
    "location": "Wolfville • 8 min walk",
    "price": "$799 / month",
    "roommates": "Studio • private",
    "description": "Modern studio with large windows and private washroom.",
    "imageUrl": "https://images.unsplash.com/photo-1598928506311-c55ded9a56c0"
  },
  {
    "id": "room-105",
    "title": "Shared Room in Student House",
    "location": "Main Street • 5 min walk",
    "price": "$480 / month",
    "roommates": "4 roommates • mixed",
    "description": "Large house with backyard and friendly students.",
    "imageUrl": "https://images.unsplash.com/photo-1600607683641-4d67c90f6d20"
  },
  {
    "id": "room-106",
    "title": "Furnished Room with Balcony",
    "location": "Highland Ave • 7 min walk",
    "price": "$700 / month",
    "roommates": "1 roommate • male",
    "description": "Bright private room with small balcony; utilities included.",
    "imageUrl": "https://images.unsplash.com/photo-1554995207-c18c203602cb"
  },
  {
    "id": "room-107",
    "title": "Private Basement Bedroom",
    "location": "Prospect Street • 12 min walk",
    "price": "$620 / month",
    "roommates": "2 roommates • female",
    "description": "Quiet basement room suitable for studying students.",
    "imageUrl": "https://images.unsplash.com/photo-1615873968403-89e6b6615e1e"
  },
  {
    "id": "room-108",
    "title": "Modern Loft Room",
    "location": "Wolfville • 4 min walk",
    "price": "$780 / month",
    "roommates": "1 roommate • mixed",
    "description": "Loft-style room with high ceilings and minimal decor.",
    "imageUrl": "https://images.unsplash.com/photo-1586105251261-72a756497a12"
  },
  {
    "id": "room-109",
    "title": "Sunny Room with Ensuite",
    "location": "Gaspereau Ave • 6 min walk",
    "price": "$820 / month",
    "roommates": "Private bathroom • shared house",
    "description": "Premier room with private washroom.",
    "imageUrl": "https://images.unsplash.com/photo-1600585154206-8ea5c045f84e"
  },
  {
    "id": "room-110",
    "title": "Budget-Friendly Room",
    "location": "Main Street • 12 min walk",
    "price": "$450 / month",
    "roommates": "3 roommates • mixed",
    "description": "Affordable room ideal for first-year students.",
    "imageUrl": "https://images.unsplash.com/photo-1549187774-b4e9b0445b06"
  }
]
