[
  {
    "id": "room-101",
    "title": "Cozy Room near Campus",
    "location": "Wolfville • 5 min walk",
    "price": "$650 / month",
    "roommates": "2 roommates • mixed",
    "description": "Sunny room with shared kitchen and in-unit laundry.",
    "imageUrl": "https://images.unsplash.com/photo-1522708323590-d24dbb6b0267?q=80&w=2070&auto=format&fit=crop&ixlib=rb-4.1.0&ixid=M3wxMjA3fDB8MHxwaG90by1wYWdlfHx8fGVufDB8fHx8fA%3D%3D"
  },
  {
    "id": "room-102",
    "title": "Basement Suite",
    "location": "Downtown • 10 min bus",
    "price": "$550 / month",
    "roommates": "1 roommate • female",
    "description": "Quiet, furnished room, all utilities included.",
    "imageUrl": "https://images.unsplash.com/photo-1615800002234-05c4d488696c?q=80&w=687&auto=format&fit=crop&ixlib=rb-4.1.0&ixid=M3wxMjA3fDB8MHxwaG90by1wYWdlfHx8fGVufDB8fHx8fA%3D%3D"
  },
  {
    "id": "room-103",
    "title": "Large Master Bedroom",
    "location": "Residential area • 15 min walk",
    "price": "$720 / month",
    "roommates": "3 roommates • male",
    "description": "Big closet, private bathroom, close to grocery store.",
    "imageUrl": "https://plus.unsplash.com/premium_photo-1676968002767-1f6a09891350?q=80&w=687&auto=format&fit=crop&ixlib=rb-4.1.0&ixid=M3wxMjA3fDB8MHxwaG90by1wYWdlfHx8fGVufDB8fHx8fA%3D%3D"
  },
  {
    "id": "room-104",
    "title": "Bright Studio Apartment",
    "location": "Wolfville • 8 min walk",
    "price": "$799 / month",
    "roommates": "Studio • private",
    "description": "Modern studio with large windows and private washroom.",
    "imageUrl": "https://images.unsplash.com/photo-1518012312832-96aea3c91144?q=80&w=1974&auto=format&fit=crop&ixlib=rb-4.1.0&ixid=M3wxMjA3fDB8MHxwaG90by1wYWdlfHx8fGVufDB8fHx8fA%3D%3D"
  },
  {
    "id": "room-105",
    "title": "Shared Room in Student House",
    "location": "Main Street • 5 min walk",
    "price": "$480 / month",
    "roommates": "4 roommates • mixed",
    "description": "Large house with backyard and friendly students.",
    "imageUrl": "https://images.unsplash.com/photo-1522771739844-6a9f6d5f14af?q=80&w=2071&auto=format&fit=crop&ixlib=rb-4.1.0&ixid=M3wxMjA3fDB8MHxwaG90by1wYWdlfHx8fGVufDB8fHx8fA%3D%3D"
  },
  {
    "id": "room-106",
    "title": "Furnished Room with Balcony",
    "location": "Highland Ave • 7 min walk",
    "price": "$700 / month",
    "roommates": "1 roommate • male",
    "description": "Bright private room with small balcony; utilities included.",
    "imageUrl": "https://plus.unsplash.com/premium_photo-1664301231899-5a7b1a621238?q=80&w=1074&auto=format&fit=crop&ixlib=rb-4.1.0&ixid=M3wxMjA3fDB8MHxwaG90by1wYWdlfHx8fGVufDB8fHx8fA%3D%3D"
  },
  {
    "id": "room-107",
    "title": "Private Basement Bedroom",
    "location": "Prospect Street • 12 min walk",
    "price": "$620 / month",
    "roommates": "2 roommates • female",
    "description": "Quiet basement room suitable for studying students.",
    "imageUrl": "https://images.unsplash.com/photo-1505693416388-ac5ce068fe85?auto=format&fit=crop&w=900&q=60"
  },
  {
    "id": "room-108",
    "title": "Modern Loft Room",
    "location": "Wolfville • 4 min walk",
    "price": "$780 / month",
    "roommates": "1 roommate • mixed",
    "description": "Loft-style room with high ceilings and minimal decor.",
    "imageUrl": "https://images.unsplash.com/photo-1505691938895-1758d7feb511?auto=format&fit=crop&w=900&q=60"
  },
  {
    "id": "room-109",
    "title": "Sunny Room with Ensuite",
    "location": "Gaspereau Ave • 6 min walk",
    "price": "$820 / month",
    "roommates": "Private bathroom • shared house",
    "description": "Premier room with private washroom.",
    "imageUrl": "https://images.unsplash.com/photo-1522708323590-d24dbb6b0267?auto=format&fit=crop&w=900&q=60"
  },
  {
    "id": "room-110",
    "title": "Budget-Friendly Room",
    "location": "Main Street • 12 min walk",
    "price": "$450 / month",
    "roommates": "3 roommates • mixed",
    "description": "Affordable room ideal for first-year students.",
    "imageUrl": "https://images.unsplash.com/photo-1614811209380-e8c1103add77?q=80&w=1074&auto=format&fit=crop&ixlib=rb-4.1.0&ixid=M3wxMjA3fDB8MHxwaG90by1wYWdlfHx8fGVufDB8fHx8fA%3D%3D"
  }
]